{"admiration": 0.13401211485234907, "amusement": 0.016597824862838537, "anger": 0.00447474281948291, "annoyance": 0.011046200127100413, "approval": 0.03152194515731623, "caring": 0.010557370221072828, "confusion": 0.032198572613736945, "curiosity": 0.04610149352100393, "desire": 0.012711467074899212, "disappointment": 0.027121193976488957, "disapproval": 0.00858793215757225, "disgust": 0.0011809558010475872, "embarrassment": 0.002486580867817494, "excitement": 0.014033877735023662, "fear": 0.005121835024761475, "gratitude": 0.022228879305609548, "grief": 0.001018024869558967, "joy": 0.015018496163383882, "love": 0.04787811974082464, "nervousness": 0.0007599500677845789, "optimism": 0.03523978977096228, "pride": 0.0017227300809827927, "realization": 0.008428864112794263, "relief": 0.0007754854188224979, "remorse": 0.0038440653979544843, "sadness": 0.06299459929253931, "surprise": 0.01255626067447174, "neutral": 0.429780623209564}